firstname,lastname,email
Maria,Johnson (Sample Contact),emailmaria@hubspot.com
Brian,Halligan (Sample Contact),bh@hubspot.com
John,Doe,john.doe@example.com
,,
test,test,testtt@gmail.com
test,test,test@gmail.com
Maria,Johnson (Sample Contact),emailmaria@hubspot.com
Brian,Halligan (Sample Contact),bh@hubspot.com
John,Doe,john.doe@example.com
,,
test,test,testtt@gmail.com
test,test,test@gmail.com
Maria,Johnson (Sample Contact),emailmaria@hubspot.com
Brian,Halligan (Sample Contact),bh@hubspot.com
John,Doe,john.doe@example.com
,,
test,test,testtt@gmail.com
test,test,test@gmail.com
Maria,Johnson (Sample Contact),emailmaria@hubspot.com
Brian,Halligan (Sample Contact),bh@hubspot.com
John,Doe,john.doe@example.com
,,
test,test,testtt@gmail.com
test,test,test@gmail.com
